x1,x2,y
-7.282553415562914,-4.447684773796601,2
-9.0456883994212,6.49171308565723,3
-8.388450045269677,6.064147358176956,3
5.99573057890664,0.9973468676493267,1
8.762885989500898,4.389902145127017,1
-8.22311536575558,6.094162775418223,3
3.255895533211712,3.270837523480564,0
-5.013005759021064,-10.296608946618253,2
3.185604484578364,1.4781324128377225,1
-3.651605775355475,-6.81617464726012,2
-9.210446401646958,7.5577753714233005,3
-2.457190055541122,14.828422436827589,0
5.779413396692509,2.868586803975362,1
-8.666755724497488,8.170702438189439,3
-9.638644502041503,8.183293417912681,3
0.2513783437916999,7.409404240654976,0
-8.996335307585305,7.925312239780819,3
-10.327726449241476,6.459481249747186,3
-9.896362901698376,6.517960057449759,3
4.239368917237509,12.540845155996124,0
-10.636807524390626,-5.789213945401043,2
5.2451497667061675,0.46461798390201614,1
-8.404047784093203,-7.323450549728361,2
-9.408868953104882,6.76513601123443,0
-9.593054975238518,6.5255100854435915,3
-11.233154261305947,-6.916376436814111,2
-7.113171932741961,10.51707820158101,0
6.022935875572316,1.205934930108314,0
-8.910867531003095,6.57377246419802,3
-9.126928619637482,8.939213135819793,3
7.095216821174686,-0.4461123534416789,1
-6.2964742864192615,-7.939608471708011,2
4.797149216860283,-2.0232316851234833,1
-8.226891801975157,6.289608283855912,3
-8.56996187184696,14.48178319797642,0
9.76004791276569,1.7810498844914322,1
-6.511616243166883,-2.0060742178672646,2
-5.534600604189963,3.325271289807625,0
5.035545981789371,9.712597379525677,0
-5.111767899540058,7.065784593139537,0
8.790400581478632,0.5947940477615963,1
5.716470994327367,4.118184358560336,1
1.6820556986798438,2.339889523499043,1
-2.055128242047758,11.662808826282507,0
-8.300822360207963,6.470009711696923,3
-7.310383251275855,7.676281184834528,0
-2.0522870284045918,9.615493174045833,0
-10.214001061962366,-6.140595257979932,2
1.4538913691647628,2.85411915986153,1
-6.67606065956906,-4.321788567909288,2
-7.071999285158295,7.326849020161766,3
4.2661355479053835,1.0937075673923822,1
-5.346019392576328,-2.759133957787073,2
-7.8037300437084935,-4.541127996467927,2
-8.32251272471893,5.716243072758003,3
-8.23864650581772,7.739855079067259,3
7.4202939342627285,3.0887902966444565,1
5.979427164997783,13.14414717040291,0
4.4995474133108075,-1.3487521830912508,1
-5.119545786725446,-8.30482056314352,2
-2.2229326741751803,7.103656341137855,0
-10.001364182231066,7.9442599402193785,3
1.6409621539788466,6.974220532779333,0
4.850629848520021,-0.6948813058956769,1
4.362966868260553,-0.4754267886379995,1
3.834869641528658,4.063024132890925,0
-9.044779426297236,7.284393660666227,3
8.093806538694912,1.1738973127115273,1
-13.335073395139185,-9.037569551003207,2
-0.8574718059502529,6.759387916982423,0
-9.465422393222628,7.847346825874958,3
-8.827746306115548,-2.9161974964569106,2
8.333152828323433,-0.16699984871157314,1
1.803147370362038,-1.5484479400208198,1
-1.2046655340842782,4.00983182265711,0
2.546056870864222,3.0464751889953043,1
-9.992365307156174,7.608232192033087,0
3.0700822100636214,3.26973055162845,1
-6.467616904087073,8.511138447799729,0
6.631974207839734,0.4595795068018105,1
-2.028015096205155,11.072041464433317,0
-8.426775392482293,8.633763005430794,3
-8.490200088015728,8.305405298166074,3
-10.185204086217082,6.738501374532495,3
8.816628245789556,1.6939904276303845,1
-1.7817326028187694,10.007168473399666,0
5.930847198510252,6.299679130551652,1
-8.037149186623703,8.255247316750081,3
-0.9313890535395628,7.33034820491727,0
-7.550025138266826,-7.928059981630539,2
-0.6162471247585708,8.722970477570831,0
2.1521523654455312,0.5873592883489174,1
-3.2786414821772403,10.220475497532771,0
-8.643229749249643,6.335950640629143,3
0.3346422497612158,10.791339374142481,0
-0.4490068778285585,24.425212090817205,0
-8.054901638282736,-9.647340146771455,2
-5.140727671510543,-5.902720643529447,2
3.392340914836491,5.801232391674304,1
-7.863311340690023,-6.414537541699009,2
-7.274411611863345,11.64050056273364,0
-9.61979121532474,7.804689093008895,3
-4.688873970288549,10.610830585606605,0
-8.521073285114818,6.81020668572639,3
-8.08328130621336,6.7679950476064725,3
2.657094137315487,-2.3336105432666976,1
-10.304694533551785,-7.461087971115101,2
-8.487517526493415,-4.455936198432511,2
-8.716939315072583,-5.795599017657642,2
-6.678655039476654,-5.332291940163648,2
3.365104581615066,4.351202746155836,1
-8.95123659063862,7.618614487242125,3
3.539268528537261,0.6299229480646289,1
-7.726123783996072,6.3595746038145595,3
-2.817604460709167,10.378894027464897,0
1.1955125670738154,16.651952690078843,0
-2.3151111112734424,5.69048566255417,0
-6.533267149051558,4.157531677047393,0
-8.139244401924035,5.90301937783482,0
7.040706652116953,0.6593811259979405,1
-4.020217289411535,-6.018737097670474,2
-9.382597954720401,5.338513464109541,3
-9.162119537846188,6.130079998024868,3
-9.92120852648624,6.38568294447991,3
-4.387095166792559,11.18452630254218,0
-7.1185513648884156,-5.522994204526745,2
-6.044627367857283,9.629186551980434,0
2.4777657554115766,4.0794753906065395,1
-8.23937241822031,-2.5227069898637104,2
-1.8257358705409827,8.278352782787605,0
-3.5014764388347657,-7.034290764041406,2
-9.089394393934638,7.071738763852452,3
-9.08932281137169,8.084165089564593,3
-4.138873312451522,-9.289646445316981,2
-1.2128617454735702,7.473957006533055,0
-9.400238607377911,7.157450093608438,3
6.321165934205549,0.6679217253359502,1
-7.042227015830442,10.122449615903527,3
-7.755060997897902,-11.569682019365917,2
-1.5667393906184865,12.097746903746188,0
7.696815689053165,2.9888411965199797,1
-7.685219134868767,-9.553686269521808,2
4.708045772746553,0.4332232218234484,1
-6.471342923575504,6.749095209787233,0
5.41703604529003,6.959168718806313,1
-8.631264073363749,7.771491695680958,3
-10.596948418112973,-11.282685390533267,2
-5.864175660766197,-7.766313823693035,2
5.089248287731873,3.8383513476869116,1
-7.439583377992713,8.092101294395704,3
-10.422065637077804,-3.5371445092693303,2
-10.447862869753253,-1.9520907335080562,2
-9.139951759690318,7.631626966539362,3
-8.64565430599524,14.124993415792357,0
-7.883953187470892,-8.091054983001937,2
2.062093635007332,12.022018258945419,0
6.478031802203638,1.3926205955634292,1
-0.4892485071309216,12.477306904878807,0
-5.604354419467042,4.035667314952653,0
7.724098741363853,5.985355460258978,1
-4.396925086210484,13.370088516067785,0
-1.3852301521126196,6.523488048915946,0
5.940281192145424,1.7748179563819662,1
-8.546676431236605,6.290600664664602,3
5.183036510618848,-0.5803274676998869,1
-7.2422316737158505,0.8573574171579192,0
-8.507594257709137,7.041346197943545,3
-8.404648301089368,7.816061233138873,3
-5.384961945660915,-3.459662477712147,2
-0.9729358272955211,8.883507135821949,0
4.511602143042117,2.6306945045476926,1
-6.07824723811682,-5.353934523586145,2
-6.879005996396679,-6.9080105566917895,2
5.499115274493273,2.3885450582669545,1
4.905818184521854,0.5729280540623856,1
-8.27175113083638,6.59963873180471,3
-11.211191639551895,-13.768652452687661,2
-4.64705127665146,-7.4237821129302555,2
4.548706803517105,2.459848582586116,1
-11.929941767814121,-9.297719792764513,2
-8.056088623388803,6.91353734207722,3
-8.886908258230218,6.61678603638323,0
-6.95919096889845,-9.5257335469591,2
3.6046562381557585,2.420745587218529,1
-6.669470701811726,-3.3944746854513754,2
9.237675083466602,1.2474925630614138,1
3.2030643050897067,3.7630184378296145,1
-15.938163658613746,-6.328560959014862,2
5.883498760662494,-1.1672797558401808,1
-7.154459098801406,7.674175675132517,3
-8.85397665837704,-7.791287679605941,2
4.258514034701408,2.4080354303001776,1
6.567637069817921,6.394215687123435,1
-8.48670142780068,6.129698000018728,3
-8.73258287745432,-7.828328161357096,2
5.173979367966619,3.752431275187606,1
6.822499077416639,3.191445925755086,1
5.2546922318463025,3.6046441090193255,1
4.1979504885687735,2.0269413619297936,1
6.938425488799453,0.5668168336889572,1
0.4799767974402971,11.455767189932182,0
6.084641551883644,1.2275033797571981,1
-4.450651814369164,9.341782685743611,0
-7.431727864978632,7.07692914185233,3
-8.761541428327488,6.596083766021869,3
-3.8800556891598283,5.805177051311846,0
3.863525199145644,2.3140021286917074,1
-7.865482618398224,-5.070547300028918,2
-7.449744296155753,-7.952445861707228,2
-5.7431720346255,7.007257953860176,0
-1.6651277542422767,8.627433680716752,0
-3.0208679889758163,5.1921243657966185,0
-0.5851606961058973,9.909822225314848,0
-7.509086773129564,6.272521319357562,3
3.497520856662508,3.118335246653049,1
5.121385195205238,7.176535912301522,1
-9.023601244428317,6.651602403612488,3
-0.8554580101579468,16.521469378430584,0
6.608523633181269,1.5451919954897142,1
-0.05253082287904931,12.044316968387541,0
4.937213750632324,1.2989977417046532,1
8.094965176429524,2.845817023288796,1
-9.624078618669865,14.998463374155055,0
-9.545715186007495,6.080582772660305,3
-4.393350845526041,9.942485877628867,0
-10.660121486669011,-8.729193817394378,2
-8.299412806030292,7.925029355344976,3
-3.4649898105183894,5.38403148003193,0
4.0706732309523845,8.018141969972808,0
-1.1799415751343836,6.020339981972107,0
-5.8252825685265215,-3.6696588783266644,2
-8.8861363443518,8.424734909675468,3
4.305642675594393,2.2665970568073774,1
-9.558362464593893,7.266350798344884,3
-6.118408206667549,-5.477030077979647,2
-2.1380051314461497,-9.925392168759553,2
-8.943417080851733,6.75152085823474,3
-14.989324070148982,-4.846483634683224,2
-8.101427877256636,8.70766164207,3
3.131949658494749,1.4118195302071839,1
3.4765170083308137,-0.05634377744500174,1
1.7962575027444139,4.9758369878517055,1
-2.1105921627021855,7.000383511733524,0
-8.346175456510093,-10.23896189314298,2
-11.09857958216677,-7.129426311162031,2
-8.126993050189471,7.629569080610705,3
-9.083401921545418,-9.31086690431909,2
3.301733358908268,4.052979058732885,1
-9.506563565920557,6.886747663667622,3
3.361955340849097,-0.6730099028742647,1
-5.910389371803182,-7.637170099654809,2
-1.0626535228622136,6.433807109777824,0
1.6074249262498244,10.904676057850494,0
6.124069580246715,2.5717548447537157,1
-7.520568241758816,8.220695811617931,3
-6.091943204145495,-6.299339859173314,2
-9.257552768842357,7.1877689750886775,3
-10.513142978993613,-4.6878172360763735,2
-8.289753634429776,-6.082474904319801,2
-5.650171220365732,-7.603882557131574,2
-6.878043314581478,-5.076489346488602,2
0.44466869692889155,9.699759252958204,0
-2.276362749268751,4.442404936875829,0
3.536162544443208,7.0895682552772366,1
-4.668236344290197,5.9010672265890705,0
-9.816849101612533,6.346280299502036,3
-10.852735866628485,5.414892778127143,3
-6.561943831805568,-5.126870651858494,2
-7.127669248679368,-7.245352118425798,2
-10.389377698282134,-15.496896233120895,2
7.770926894696782,1.8416691617947565,1
-9.40466481095952,8.703877854423553,3
-8.40430369922342,6.209626735404135,3
4.496676317399974,1.8987252109210488,1
5.001921953635515,-0.6204942119709611,1
-8.01810130667876,7.418701327643036,3
3.6735059116293534,5.121143210520797,1
0.7790430169252098,16.60145805881411,0
-9.952187664138885,-1.3178318942733815,2
-4.269375569840685,9.537248437342686,0
-9.31195082750169,8.573026915886306,3
-4.8610434832508105,-5.104667192051813,2
-9.237067375651645,6.891979244839384,3
-6.216919509365082,8.776184703951122,0
-9.314407693893624,6.372621037014476,3
5.088782473348045,4.067366289165041,1
-7.55906386685585,-5.778013072827412,2
4.848281044131854,1.8479834281416871,1
-11.151498648501706,-7.680066580979191,2
-12.789938644286776,-4.202317578378019,2
-1.6528226465319342,4.0313310133503695,0
-7.941414297114508,6.903677074193325,3
7.029972094077786,-1.0732041256268174,1
0.3774906331201904,4.498079043329405,0
-9.821068266991793,8.124745666251561,3
-3.387885174402798,10.442736414245307,0
6.10515899065926,1.8117365237235674,1
4.6070330440825975,4.3499562308369,1
-9.855511108842542,9.494031923519282,3
-2.4015614842727047,-7.693480396403653,2
5.85567185566118,2.346387930253448,1
-13.51521292513979,-2.27980848938697,2
4.832120390110068,1.048619106530647,1
-7.6309150330378825,16.03346285613578,0
4.498881280109919,2.946172971593136,1
-8.331734982479091,6.531689997346854,3
-6.202130607496367,3.607547705732987,0
-9.820858545161393,6.975133183271742,3
-5.750398612858721,-9.586264256348478,2
-2.4887437964829067,8.075937594697734,0
-7.2622745522838725,-2.3466448025339037,2
5.513755175720801,4.354462233513415,1
-2.7735168176420166,4.170221329148495,0
5.43832508143866,3.267561563346214,1
-6.31088234135504,-3.876971315574523,2
-3.432935743887462,11.799111587451995,0
-3.781988578126298,-3.4999941827931966,2
-7.418021504830044,8.210427632552399,3
7.404196818303156,3.2705894591200173,1
4.715885792564502,2.2132323373772547,1
1.7438510353956134,-2.424442229299432,1
-2.9282819891316745,-7.234315174249183,2
3.437143548325674,2.612733552225806,1
3.0678999152122026,-0.6892962231748241,1
-5.2168856242765855,11.460991283561793,0
-7.421066931923147,2.6992131102586363,2
-3.8778802370223353,-8.89197022050588,2
-4.911924861561987,-6.295901009119622,2
-5.450553883082613,-5.3636991157760665,2
-11.725022638867799,-3.3858915299044323,2
-14.47048975939026,-7.738122258916279,2
-13.245191888177054,-8.703575554559244,2
-3.7114567639531146,-6.210392850888468,2
-4.362868394302599,7.151367113917294,0
4.696241150966358,1.9549316906523249,1
-9.068889533881853,7.1061752142150025,3
-4.723794844441478,4.222774557842928,0
-8.47058117970442,7.046495291473708,3
-5.883686199444226,-6.308610553938747,2
-8.815478178147842,5.595817074920813,3
-8.711851347317282,9.288538027422431,0
-10.527225192073697,7.881263216868226,3
3.735266197729948,-2.8745889693171813,1
5.400274538240028,3.194341174508378,1
-12.505144600088503,-6.535031355833695,2
1.1524108477555464,10.32929056683706,0
-8.338366374927986,6.496705055161218,3
-7.180089420591129,-7.491130843806844,2
-2.9585098218160697,8.13040773006543,0
-10.778966023212256,8.657805970147168,0
-5.593177690159552,-4.800792771486514,2
-7.1929748467636845,-7.386574762845979,2
3.996608733793336,6.126665651062414,1
1.306809430920059,11.619851133421513,0
-8.882335221762705,6.058852053375485,3
2.1367999878472133,4.860698892087251,1
-8.1586999797679,-3.434772465685682,2
-8.302801237384003,6.821842167701214,3
4.157406720515442,2.6772804769693255,1
-4.3094595089697245,11.505685857588317,0
7.533834604935567,2.3662792369638814,1
3.909235733603884,2.342530295670549,1
5.023977069208165,1.3549367555357292,1
-3.3174690364570165,0.8885813327798946,2
3.1019796206916466,3.406881877029198,0
-8.543288701077234,8.15536604108275,3
-7.996247519364429,-3.6138637341633886,2
1.8607339027009093,-1.3176278099730516,1
-14.196078665980558,-7.282947079834859,2
-5.425428739267845,-9.419179558248567,2
-4.478398615468223,-4.617235603835224,2
6.787142335947646,-0.07986091488138847,1
-9.590732773341655,-5.907031748111137,2
4.697368482097736,4.53007340915533,1
3.2953768081274166,12.85136943253915,0
-9.531324216213722,6.157017917673798,3
1.5267150389085993,1.116939362008907,1
-2.58325016702231,7.859651572517768,0
7.408424473249138,3.100987924045451,1
-6.4079243039620355,12.16262454316813,0
6.430265276283566,3.243513287304671,1
-10.06981129158554,9.11207131480643,3
9.278537916191489,2.759805362729476,1
-1.2014881279960996,8.137884012962864,0
-6.836807987641968,-9.741927851465881,2
6.066578734248552,11.549962217470366,0
-4.581386355997199,-3.1993099216230236,2
-8.942933895445773,7.516764780352177,3
4.044751829508117,4.724583310563971,1
-0.3208080983725985,8.205515518462745,0
0.9214408697553274,8.374532008344612,0
1.2335159495370944,14.100506508174956,0
-4.861906087543076,-1.1804637885903002,2
-7.045063938784704,6.63353198649369,3
-7.446988363482371,-4.115159257502569,2
-3.360253278391346,-5.771183016681665,2
-8.490636770605606,7.1394988166111935,3
-7.954647647214937,-8.822735010181423,2
-8.224480897494653,8.662044455301038,3
7.906741900830293,-0.31952110209664397,1
-2.6208181776103583,-8.681380290492061,2
4.540951416923235,3.3228086682739395,1
-8.868579064869351,7.732789736425724,3
-9.004847491882659,-11.421252771114428,2
-4.499161029494632,-12.12570551299049,2
-8.810276688103656,-3.790227140532463,2
-7.549233955055685,-2.4105192774697004,2
1.344306893924537,10.665409835944315,0
-11.311082115088722,6.873765756962236,3
0.07230617528784,14.488812358327717,0
-6.812229512715131,-5.238752247750317,2
5.2575448614260285,5.377599573211208,1
-9.58572772253692,7.793785610237885,3
4.591169651706136,6.257710401164459,1
3.414301455259329,1.1977665640687638,1
-9.242978446875988,-8.742652388029295,2
-8.292277003413446,7.158645958650354,3
-12.282800393609488,-8.508130992478012,2
-8.019875094881115,5.26298596853783,0
-7.25839962815207,8.739240668192075,3
-12.395775623561907,5.826705106316414,0
-7.596423488660353,-7.980582828720009,2
-3.9176236413839645,-7.107962664203515,2
-10.436939466244498,7.691310445831307,3
-8.537568981115603,7.183789771556429,3
-5.098957024308684,-15.701275497268787,2
-2.4354618907911774,10.404612949645006,0
4.005264559232417,3.493880295338756,0
-8.913421929447335,6.018842217770026,3
-5.910124048596925,-7.322917352171952,2
-3.852336420213263,15.690372229355894,0
-7.752932691743876,8.023189532986763,3
3.3859447206525664,5.598066799934589,1
-9.38505589604134,-0.6114934281916264,2
-14.566628167537202,-7.453192881076454,2
7.784241589946691,9.251159864256275,0
1.2924977296914508,6.706671505548709,0
2.6626966219262664,-0.23400895049080983,1
-6.937408330354454,-7.668782080900749,2
4.151565565646804,3.9013440205174463,1
-3.490750087064232,5.999341470768363,0
6.2114791535297655,2.8240848075106615,1
-7.189391471598412,-11.809676026738448,2
5.621828739504604,3.442925256040367,1
6.632412475122381,0.985656517618107,1
-8.660764717567925,7.603700721597299,3
-5.600498481203037,8.067011701238286,0
-10.043072976386934,7.947149676227153,3
-6.935753460488963,-8.045664952542603,2
-9.320549073383079,5.786900753665051,3
-10.150824423479808,-2.647312454037136,2
-8.445263060075852,7.687388194964231,3
4.475576479442964,4.207761347116987,1
-5.74832600944471,-6.967898034330882,2
-2.411156926016979,11.006279293180121,0
4.371844502882266,2.002546073399126,1
5.866914781688934,-0.07241544645607911,1
1.881240380199047,0.5113096040568939,1
3.7044764336043188,2.6661774474021636,1
-6.792767615297199,10.944175789171062,0
-2.7599140121454377,12.834855410203275,0
-9.385415491244247,6.838312482664622,3
3.5473899397231357,2.756777694745825,1
-8.00521633212308,-7.833254883544649,2
-1.2125322130989817,8.493713910727584,0
2.6014619601009494,6.648000572855002,0
-7.74757816978825,7.5586483936091735,3
-7.554195136575506,-8.830117335746326,2
-8.963766584418444,-8.10795690761526,2
-8.86662300997331,6.55993714472697,3
0.9753011906740192,7.710191999526957,0
-8.04012910554844,6.944837301185755,3
-2.286297973897972,13.391052202082115,0
-6.6998293003522855,-6.0479787794013715,2
-8.564891020591622,7.9729291701122325,3
-2.4882228241800175,9.202208503257289,0
-5.671095444833998,10.900159556742304,0
-1.507226221669244,10.400078966186225,0
-5.229296509366714,9.943300916842336,0
7.985023609903508,2.8112077026728226,1
-10.416746564630678,-3.317071427891255,2
1.8960765503653887,-1.2539531118127503,1
-9.794597394775128,-11.018964087642738,2
-2.948700952792445,-2.6930581609060784,2
4.6965155884890235,2.0326819629322226,1
-8.252922673353485,5.970750643914867,3
3.747511969798542,-1.80591177795033,1
-8.762883791499586,8.592936146181856,3
-9.013555323141023,7.265753556101055,3
-8.817519728524875,-9.277685613226708,2
-6.653326274446492,-11.686007028967452,2
4.305635408655278,2.5383295849173315,1
-0.5055288725552272,5.104065149004118,0
-4.965473886828999,-5.377576168442576,2
-9.410153906579076,6.252822922317378,3
4.142496583861007,5.187860835980717,1
-9.575979336120655,-10.871050470492916,2
-11.540903489199463,-4.426440619200861,2
-3.7702746016141324,12.050163010171392,0
-1.8164739196480222,10.55555564711367,0
-9.161994461843227,7.5945195207712715,3
3.5113836389133244,2.342272290334806,1
-8.672876691945756,9.74725321308115,3
-9.136505301501002,6.7725098544417275,3
-13.397635829193378,-4.3378445618246815,2
-9.351177392050893,7.620080777514412,3
-8.308289811785247,-4.256942051137764,2
-8.030968179437592,8.470910452649553,3
3.303697928942004,3.957254383013778,1
-8.755750520632475,7.5505392722827125,3
-3.9712555895710597,-5.5985265076608925,2
-8.531237739626022,-10.542246871018422,2
-9.0193673745854,9.20662591484385,0
-6.011670636591779,3.4830872043409773,0
-8.93913056129766,9.752821562327538,0
-3.3416866244818513,7.04228238956299,0
-1.0246141295675149,6.598345381335039,0
-3.505054216969044,12.900569932015744,0
-10.216324508936161,7.786352195914755,3
0.7924677728993692,12.268324672200876,0
-0.4679634335758083,3.8418095064192794,1
5.944524593054941,-1.1796146300277668,1
7.867301374345395,2.8802382869686918,1
-1.1421737199441124,16.518969485061866,0
-9.170677181957593,7.452572536106729,3
-8.387728607392921,7.368319233961567,3
5.032921175631041,3.391177199117757,1
-2.6402107039167437,6.840587043663262,0
-6.240037306438203,-9.136017588492404,2
-10.096044227108091,-15.64416104375977,2
-4.686728521153481,9.457976487037786,0
-8.423542606172116,13.589302301026038,0
-10.56827597450852,-5.390011923566382,2
-8.469541240272463,6.548543796342489,3
-1.469666446059056,12.141577615307563,0
-4.3517527068919,13.242775033073984,0
-8.38861115736337,7.74832495932605,3
6.635899055947406,-3.8193410724466466,1
7.151391087375143,0.18395507950172418,1
5.907432598092298,2.8007678788437285,1
4.961026798327831,1.979261724247561,1
-7.027284355505322,8.244861506994987,3
4.75913957606845,0.6792961285295842,1
-8.238995929786995,7.702950865051713,3
3.0325297002886398,5.251403294828867,1
3.428647756754373,5.625189111034604,1
-9.543716855663767,6.702035968414069,3
1.9456262571687084,0.02994160691942893,1
4.5595629349394144,-0.8883805202953643,1
-9.171785045367036,6.058512598237925,3
5.756532661271546,2.125180466765555,1
-5.777765250947248,-1.3655585628905786,2
4.768827665848342,-1.9777634487670106,1
-3.3799224359616313,13.409393536147082,0
5.551654380391317,6.3031743737429,1
4.803537553323231,1.7753903775584468,1
-6.8334509334523394,11.478028555975376,0
-9.134830764348393,7.982206549358169,3
-9.496188404779936,8.005652580429961,3
-10.20441412864874,7.002196634772755,3
4.600603238374739,3.0781495927750275,1
-4.663195748488761,-5.034007141236787,2
-3.034695806139964,-5.207036411100573,2
-8.662805271010697,6.641069053499872,3
-12.817526622278633,-4.636378824923345,2
6.856244469703134,-0.10664217031032974,1
-9.368307900700836,6.569986727553973,3
-3.5291064927361715,15.030258082529077,0
8.954495262759108,0.7617398379340552,1
-4.2863706633571965,10.52348810037773,0
-7.656015379152577,-2.0841680817617956,2
-9.581489395094877,-4.964933816450798,2
3.753314333845081,0.20356425588693017,1
-4.42589457443391,8.271650221543053,0
5.084146379495527,1.0156724406137774,1
-8.528918663241113,7.279735799085297,3
-7.7009917467468085,6.561838535779541,3
-8.904880565683564,6.9170293869550425,3
-5.3704124600926235,11.732677123937025,0
-3.588697364226235,5.099231265069092,0
-9.67120992008964,7.553368295605589,3
4.546037678469733,2.927251338386975,1
-9.312199724782285,-10.652843170019796,2
-9.843199752589804,8.435753373504948,3
1.2539652078373305,1.7764904303512323,1
1.1869104537748538,8.274677582426365,0
-9.15460056877837,8.7305949384476,3
-5.601965572572163,-6.82266626102869,2
-3.1543404697167867,10.630489555456474,0
-9.282138296795805,8.622791718620636,3
-9.384358021924777,7.513678238550229,3
-9.376086931858488,8.60365579102736,3
-0.006528231992725342,5.585655902533191,0
2.597413201966675,3.3898825785394386,1
-9.753342572354859,7.103850489191922,3
-8.227099258741635,7.051681965957825,3
-8.572265716763624,5.958544621019991,3
-6.38534466744172,-6.727446487707892,2
-9.057373338073527,7.05366853885131,3
-2.1212137630818773,11.394914229945975,0
-10.836915254587637,15.800111601358473,0
5.777844994598652,5.229962930197808,1
-8.850781728120824,6.702767918840947,3
-6.186894559987962,15.21402374826848,0
-4.232628004181043,-8.236380591775188,2
-4.496833152285789,-10.642977862783695,2
-9.74499492919933,-5.609312396495564,2
-3.586824960830981,11.88445515138217,0
3.1688189510485683,4.445356034361607,1
-0.20296977082968448,10.259286746372466,0
6.850930702144069,4.347230295061492,1
7.033021839557084,1.656110537886792,1
-8.575354301142275,7.154926798932966,3
-8.507443392943731,5.433499058612242,3
-9.685943297285057,-3.62216324475085,2
3.863548883504838,6.9694234224735805,0
-3.95306228632907,13.651605341655314,0
-9.280366129063905,7.0671349714659994,3
5.739983034277206,0.03648077421346141,1
-5.798079205318476,9.989034974165971,0
-7.7246334354202855,6.911951425920592,3
-0.7339199104678364,12.112822341915669,0
-4.973373100523591,-10.597884777836365,2
-8.511969197493848,-7.368488311492829,2
-9.102898009533774,7.259083588826443,3
-2.142154516910741,1.0640104697947503,0
-1.2183233817003922,5.705362353989029,0
2.5584469736937407,6.1836082657231985,0
-4.357767111637611,-5.239908888671809,2
-7.144716068767276,-7.99014268292233,2
0.02192984137238918,18.097057559415905,0
5.174663464371907,2.6165652963327592,1
-8.761024050972013,5.326152580025921,3
-9.476949625910265,6.190868495890902,3
-6.876010765064597,-9.331375486480518,2
-4.404332397148366,-9.481500240408648,2
-8.666611073281747,-2.7567953137634946,2
-3.6094044116593262,-0.1933985307440178,0
3.3528423754678154,3.8288499401032063,1
3.5826454727285877,3.1458977214509183,1
-6.412690634962081,13.22885331462968,0
-2.563186522004486,4.78344241237472,0
-2.4272791055433753,-5.813269546918967,2
5.0189003628473845,14.395966312818231,0
2.864894480623901,1.098253083293911,1
-6.748819852033909,-1.7949564719836877,2
-3.698997468654631,1.398870523457287,2
-7.80725442230086,-9.136578810047697,2
-2.326910263437495,6.407884737775053,0
-10.313863502908902,6.970298920043917,3
-8.146941261667447,7.517379770409362,3
5.77089812749119,-1.5483558343709034,1
-0.438561541176258,6.11131087558446,0
-6.029763576512844,-7.656824514388179,2
-7.922432436476858,7.567868695241787,3
-8.27555856149143,-7.197954656188354,2
-4.720353364706725,-10.759928466889438,2
7.641398417496723,3.6736131681677175,1
-3.6222682163332287,-6.58616013286326,2
-10.391553812547548,6.713714728396614,3
-8.613950020558454,8.264102542174982,3
-9.340799335187437,6.3333841058241775,3
-8.866280796219822,6.504807840215053,3
4.397982539012538,2.8122345717547876,1
4.886626756728631,13.520546246389351,0
-8.103467918329315,11.266163074960605,0
-1.5993578846362326,14.242857145328035,0
3.287094232109562,5.575050549762363,1
-7.763629293893375,6.44047393747299,3
-3.3128870767273413,-4.755198051672755,2
-10.917239961570914,-9.33788317244044,2
-2.61138278285145,-4.10146338655117,2
1.9061214393972592,1.5236388801553649,1
-8.461769357836195,8.58496164915049,3
-2.648044701873723,4.339573977720193,0
-7.189026417504729,8.056259501405144,3
-5.89637249532637,2.954897229454863,0
-1.1760551338922483,-7.062092034719809,2
-3.5475630285071693,3.0017143157258968,0
-9.814963230538028,6.580653438517643,3
-6.55761512409342,2.394859440735244,0
-6.937886008814468,-7.789648941778773,2
4.940716646515254,2.703091688873183,1
-6.65428291892504,7.71318675832333,3
-6.3596021980400455,-6.148249999550446,2
-11.182120227600432,7.502576247615548,3
-1.8958495475076607,-8.251398363034763,2
-9.107038948245414,-10.840177126938064,2
-8.404467702034163,7.655382748084471,3
-5.032313741837846,-3.268456281769498,2
4.972783252654214,2.95807221195703,1
-9.81899749024416,6.61723719818377,3
-9.855881558079783,7.883963017008945,3
-5.212813793140924,-6.6113675495102004,2
-7.960092709225772,8.150131915046876,3
-0.13679259117921516,7.776100370942361,0
-9.44646502788146,7.354260091237926,3
-8.251957964430455,6.2996058121163685,3
-9.734561611947216,7.909545533139995,3
0.3582190736874775,-4.526296729581875,2
5.733794076475198,16.03564949797114,0
-8.585754992594888,8.906281351274323,3
-5.95085108418856,7.47606395127902,0
3.8076536389768156,12.084025044809957,0
5.0457248779307005,-1.0583185460537319,1
-9.24883650136278,7.486806873601277,3
3.605301936027357,4.791864564311892,1
7.480887332207811,0.8316770964417795,1
-2.9373190628709813,4.873316838520825,0
4.463314739525591,7.132588359249369,1
0.7809820253600059,4.130911528314233,0
-1.7168585799813303,8.436844480502552,0
-9.767599269810797,7.681657260450831,3
-10.196741196609077,-7.524872684142153,2
-2.2390848043010547,3.3152933833444944,0
-7.836788998151125,-9.268187163686413,2
-8.525418921451507,6.885017207796506,3
2.475143146937766,0.7207251985657237,0
-8.694311353368501,7.775127378049493,3
-7.273361539968012,7.034404425992583,3
5.0420769296580366,4.0744784759559565,1
1.9201665542682629,3.4656768159951734,1
5.087707104357424,4.70145054388842,1
7.2433614150256975,5.096192077394438,1
-2.5852624546635057,5.004168669647086,0
-7.397708858620532,11.866279848887874,0
-9.681183493946646,6.7225213146767056,3
-8.841854240533541,-12.372008283845318,2
0.7448712464259288,4.090828862462501,0
0.7422508523030902,11.53280149589277,0
-5.326572385223788,3.380440942744083,0
-6.184142773858158,8.443734538161811,3
-1.466582861791041,-7.452820968457843,2
5.3016393006570155,3.6402276071585815,1
-7.776575069111371,7.498219783356725,3
8.007734219143838,1.055401158202852,1
-12.988178039411729,12.301896145699217,0
-8.34125781272444,7.886590755780104,3
-2.9666064625168125,-11.86758555738297,2
-4.607278688171845,10.971784373109994,0
4.491011978028009,3.214513879042088,1
-0.8066983212907122,-10.969631607054378,2
-6.57405830536531,-2.233049138790385,2
-12.289046219919104,-11.632517422292416,2
-9.525285250396735,7.357666967401545,3
-7.384058646905639,-8.296381326367328,2
-10.184282484248916,8.908230626401455,0
-7.273318059218189,8.204495161202319,3
-2.9673570040632216,13.965551376092169,0
7.219384344393593,3.319532386480649,1
-8.03250786894967,6.755102959249905,3
-9.574913555983812,8.702653867709007,3
2.2204893505458863,3.1730271439331412,1
-4.788763977619063,-7.881568062543977,2
-5.116542054261387,9.203880813463977,0
4.285984381240002,0.3765751948638245,1
4.417426713530701,0.1653544010111525,1
-2.9442382168801804,10.621133016594086,0
-7.368828082982562,-9.114817527695294,2
-8.77349458148064,7.132534842587667,3
3.7995052020363866,1.4096004662197177,1
4.879039573056408,0.027031802177621023,1
-7.832668822323796,8.627172222402336,3
-4.751271739734152,-8.186568704985477,2
5.834678975927817,3.3755151685625284,1
-1.402434425732674,12.323019124342416,0
-9.21057273671549,9.022441807104874,3
-9.019670137188777,7.317653731792191,3
1.6148004669310536,12.739406604663117,0
2.975167690019644,2.91600079671354,1
2.143457385567088,9.05521837227667,0
-9.662900480569128,6.574882928091303,3
-5.569947778678267,-4.168305070017361,2
5.022076972267908,2.0660427802530297,1
-7.473573106907795,7.865429403851938,3
4.049979479644046,4.4686538292882,1
-1.078048181659617,11.257424233671259,0
-9.361735739416261,14.429775624859973,0
-9.927092648086461,-6.695070043732032,2
-7.332220875367327,8.529937862110016,3
-10.461402210348435,-6.451280308984827,2
3.4886031837525535,2.217189313231455,1
-0.6920524334218356,-10.082708336038765,2
-0.8761866001948628,2.20395171124696,0
0.9800849238299625,9.747654151151728,0
-3.5583851832903517,-7.241253085136742,2
-6.373663175251087,-5.55428764456772,2
-5.955475572638963,-8.05505529554132,2
-11.702306784258193,-9.168283928974589,2
4.293986716381255,5.396586644225419,1
-10.007950869870848,8.07028209158996,3
-5.159692658836137,11.29668080257096,0
2.1619306235864792,10.031969501403173,0
-5.382974508062494,8.160497521350933,0
1.4720731892566548,3.493998996229327,1
-9.291005050132219,7.560661409296657,3
-8.686263372236612,-5.473786825050875,2
-0.2009091143305901,8.202104584026351,0
-5.156343482126302,12.424019467383218,0
-8.600709683435708,8.468641065594795,3
-8.188784862730976,-7.208939005053439,2
2.123245870947521,12.180936904050064,0
-8.905162016074414,-7.3136656054225,2
-8.278464765360567,8.519562903080573,3
-8.885491762155732,8.857217880128646,3
-4.754983921381599,-6.180461199485442,2
-9.668001588448792,6.419961280625355,3
2.712717605564566,9.098301494729357,0
-0.6573791819013497,-9.638263368035217,2
-0.950305437604813,-11.5728344284091,2
-5.308099655023092,9.87020577113521,0
-1.0636152010190945,15.166432394062198,0
-8.337429944555629,6.121589503308801,3
-10.040674448590332,-10.083518358013526,2
-3.9636464719081737,8.786503633314052,0
-5.33882687144212,-8.47821211226168,2
-9.746026972304598,5.557159792993382,3
-0.4490565542181111,11.069429931847157,0
-8.711196330557293,5.406013083672223,3
4.8903278415239155,1.114358601690226,1
4.212993094367685,4.9546219576406365,1
4.197371589056558,1.4195430841628907,1
-10.716652073377873,6.797366957907224,3
-8.956653092740511,8.066965369796058,3
-9.485276905483868,7.9940276970882564,3
3.0034810693834872,1.9664207691188278,1
-3.2281516286747807,-2.316161437508592,2
-8.157217944647726,7.874744830110945,3
5.82118849761272,4.1905768451065475,1
6.055382707139052,0.8482361321521967,1
-2.1118684013358466,12.019834621685478,0
-9.959473395437756,7.372963615398567,3
4.449287771454197,2.5312127354814105,1
-4.816282945326082,12.035851031501345,0
5.559823122106335,0.6177389444365198,1
-6.987438548289423,6.305723323705379,3
3.914996953421837,-0.2661701053115557,1
-8.008706404856483,7.757942013986995,3
-4.564665292399525,4.777432040642515,0
0.8335708252078171,4.495458709567849,0
6.7494366436412845,1.5452253578313293,0
-5.642210792397698,7.726040063375619,0
0.337261889302809,4.515717760846845,0
-2.042965306384997,-4.189591645679351,2
6.538987107110749,-0.996626252959075,1
4.121794544586695,1.5804699857707756,1
-4.02025205502301,-5.340853332984068,2
2.7059265499696754,1.8777469716567723,1
3.402378555913314,6.941205255103732,0
-9.108036739842118,7.278338760161133,3
-9.346886988297872,-3.5170175913025323,2
-8.349196315832927,7.503352305845545,3
-8.537853786724328,8.611753019146768,3
-8.893915536510127,7.755020281776161,3
-2.7972381093740855,13.028417719766418,0
-8.808810460765583,6.6408771142686405,3
-8.873704315500879,7.202475809537144,3
-7.895741820676707,8.3761539086837,3
-9.484454758308852,7.116050752836477,3
-8.769968015511532,7.991937092022454,3
1.9509778141595473,0.13586579097233553,1
-4.7334832448275375,-4.725552416152143,2
0.21861426212710544,7.773219101824497,0
-8.05126238991674,6.738734211335263,3
2.923163275865674,3.3737894427587145,1
-10.208451024232112,8.324942452989635,3
6.095137923502061,2.077061455555331,1
-9.750834113699295,7.4006413607617265,3
-9.695054370656022,7.3932553821656795,3
7.066074236186468,2.2566035112205416,1
-2.3392779614248767,-4.987674539611614,2
0.8121456431242322,5.589950824562853,0
-8.277736696755998,-11.664218795076334,2
-7.999355348801664,7.110623157001652,3
-7.941749323974341,-8.60091491196665,2
-11.004780520291977,6.911266041475278,0
-8.464948806310291,7.740482592604999,3
-0.43181156608806104,15.145241780208632,0
-8.65178716017696,7.3859328188313285,3
-7.457000466565078,3.7324596758612163,0
-6.63230793234776,-11.252764091670738,2
-9.371448116722858,7.434715841858727,3
3.478831936618656,3.150326492781951,1
6.738984266866772,0.9026992608195961,1
-7.673171715083102,-12.891696686496207,2
4.627737013148315,3.6501512328440158,1
2.188347510223419,-0.9555800764789084,1
-6.613654418266957,-6.2881624710591595,2
6.196600988561377,0.8707982512836652,1
4.125125761381411,-1.363998463814447,1
2.2996527841093823,-1.6307911912193074,1
-10.06680777559191,-5.595188301653001,2
-9.212902721032739,6.306460510362381,3
-7.884385010994051,7.878828270117731,3
-8.167360452047255,-5.114449783963787,2
-10.476870727129675,7.5665745380509835,3
6.30772314532591,2.8915298423976052,1
-10.499896832650295,6.486963141325534,3
5.712898523368908,0.17623372035865748,1
-5.360580753761408,9.44000703896591,0
-1.529331338617859,6.9865134267138025,0
7.116444979095373,2.0157128374128552,1
-8.275370541488078,8.120231250188795,3
-8.34199910892044,7.630053210259151,3
6.797240503090693,1.8961527449393176,1
-8.442776649077807,8.024565768659606,3
-6.400058015159069,-9.96313501605382,2
-3.5678249560045745,19.894962794556797,0
-3.4921698793965277,7.92339184920764,0
3.3643988677254697,0.9111757739370967,1
3.3370428289992047,1.005398015832089,1
-2.199724392462277,5.569149322885266,0
-6.658182240358576,8.25293141586389,0
3.263578145872654,6.4780412946293495,1
-1.6128276958110832,9.064655731325502,0
-8.20938217845373,7.702398565449154,3
3.999184219839461,2.8215015767445646,1
-8.831970913870652,6.729233889972601,3
-1.2779905474845135,2.1736125575718193,0
-9.322727380473369,8.792095332611847,0
-8.933516668431281,-4.508232795787641,2
2.125184692976866,5.73155685479148,0
-7.297966018194269,-8.23067738783018,2
-4.2952574313208345,12.43988130549221,0
6.036325463455281,2.7601404547842314,1
2.6315973027239656,0.4375745537324751,1
4.299509591178245,1.0667135852861818,1
-6.072246367415948,-7.909686419768178,2
-2.1628384731611505,8.391577186630004,0
-11.592255647356769,-10.260412000005363,2
-9.276810385711444,7.006793729463845,3
6.472534185633064,2.6661466357367174,1
-3.8799479993741453,7.5285226642151555,0
-11.567264761810899,-8.46726762531483,2
-9.748936321605296,-5.462890759634814,2
-7.4071904044474834,-1.8956990960918922,2
5.127480263770499,0.8450124224672753,1
6.700445744291786,2.450748001993759,1
-4.657154154890892,-8.419750292690702,2
-8.049885643359195,8.648926523674588,3
3.942574567412383,1.2746542753038743,1
-9.279056141912028,15.132487406040777,0
4.152700154797556,13.071766388270843,0
6.688003887851027,3.158223582343098,1
5.403749740691208,2.8332529783228715,1
7.438589709400105,3.8224370497662696,1
-6.350302525319594,-7.981193110525913,2
-10.371812184780058,6.491503526182104,3
3.500230585331362,9.310665249877422,0
9.693743687975346,0.9114321381000907,1
-4.600089705128909,13.21032303154588,0
-2.7976514036353173,-10.806570790633284,2
2.4552533068829434,1.3403527845511283,1
-7.81626962417136,6.327858754328233,3
-6.141293925137594,3.3650713228571556,0
7.273810295414555,9.531170856099232,0
-10.05429468622323,6.13331075442949,3
-1.3369077298580252,6.15688045609285,0
-5.562234249222818,1.7947577255402454,0
-8.68063747961835,10.010256017841773,3
-8.483910188241383,5.588617594087654,3
-8.503432831289834,7.673766191599839,3
-7.565426937171326,-9.863157717101483,2
-5.679280576783553,8.555340362330725,0
-8.356992153924692,8.429605367738858,3
3.2358954606145907,0.6473678488388357,1
-9.006534298981796,5.8560969961550775,3
-11.393788313244276,-4.599941702207139,2
-8.824271256081367,8.135572371906685,3
4.73759897687951,2.054353066348497,1
-7.441059986164916,-3.922919606236358,2
-1.324716514794446,10.058507216917878,0
-8.133276298281675,7.097137918058657,3
5.71739082112084,0.1318224977819995,1
5.2825932671286475,2.8170111924113015,1
-10.582673806791036,-8.65750237073463,2
6.811669967891257,2.9225661497006374,1
-1.9597336030370913,-4.65372712006027,2
-9.661686593722992,-6.165002645071591,2
-9.332929178953732,8.097152013780525,3
-8.214196735913417,6.970711539571487,3
-3.082503668557168,-9.47863413791945,2
-3.5847523852720724,4.58818249323164,0
-11.702610272505446,-6.325887856588773,2
-7.901939311475602,11.987342504289181,0
1.515973613805012,6.706718650105726,0
0.04517221205674549,2.368205879122482,0
-9.213957888880586,7.057941992684587,3
-5.240774447140171,-6.860842783843133,2
-8.714934463867127,-6.991219984421183,2
-8.32347605909328,7.267551000199323,3
6.280843198622829,2.9877177461553277,1
-4.803845650573695,6.826850363236753,0
-4.63120221349486,6.711013165619601,0
-4.028704415230543,-1.7482694755301704,2
6.60340981021129,1.323506916923487,1
-7.727075625072163,11.692976323518476,0
-3.985072291858897,-2.033361122631252,2
-5.008471933835466,9.118650329041657,0
1.5885662070879119,4.498337890795096,1
-8.683672350821832,7.821449013485008,3
-8.301145232364018,-6.9234664059107835,2
-11.62319929724767,-4.1949946510476,2
5.377225453973904,1.1864920592860106,1
-1.1587869747519415,7.3667782637084525,0
3.535432747666159,3.2390333194517535,1
-7.581686768472214,-5.481034469936943,2
-5.983368466054212,-9.1354827435615,2
3.3887534332090423,2.76477675081555,1
7.7990231276895265,0.9274496296341954,1
-4.628238438120905,11.067355860651746,0
3.413073509146222,1.3682303109644753,1
-7.864737701730465,6.142525641410438,3
-9.596824093739126,-8.841408609222405,2
3.6609999511916573,4.0614914380788765,1
-4.704339830607278,-5.331574731931072,2
2.2079911132025556,9.284360053838757,0
-4.66909549987397,-7.7240922646305865,2
4.573624890480507,5.562285410976307,1
5.8654266463532405,-0.1336614424065803,1
-6.614406532275728,-2.447519350110161,2
-7.049972756106513,6.845649107467935,3
-10.630850393060422,-5.066563614209846,2
-8.42328558452246,6.1349092946194865,0
-2.2299892830926744,7.4730317407512805,0
-9.655308318768238,8.690878446776296,3
0.9692260573698905,14.436837563418125,0
3.2298551247112837,1.86163152862532,1
-7.716125212654763,7.2677193070692745,3
-6.368891465373168,11.758491968192079,0
-2.0427924171853338,-2.935366232523805,2
-2.252077546670899,4.703307016481097,0
-1.4789960601616927,8.716502465133653,0
-5.89939289734431,-5.978686514443462,2
-8.89878821768043,6.679338925299026,3
-9.303114436134825,7.146702990413416,3
-9.499084175536657,7.397318916270907,3
-9.198260194622097,-5.658952731902341,2
-2.5410881883192196,14.934062683758425,0
-4.459622519342725,7.284053376919838,0
1.724500324345601,1.9793281825058644,0
3.9099733771423306,0.29475034926271926,1
-5.868084991775854,6.616715546422233,0
4.020447592673791,3.293720616355791,0
-5.196868847327554,-7.766550547363428,2
-6.934537519076863,4.229459631875638,0
-8.179084864134188,7.583374212041224,3
-7.27752843029899,-9.803697507287872,2
4.753905086022271,2.5103542416672457,1
-9.764762113999875,6.106119658239522,3
0.6549301651194375,5.376736309019366,0
-6.1028563084461815,10.981962814224344,0
-8.948765796872163,7.40755805234769,3
6.183276257524791,-3.723915557319419,1
-7.758256695851835,6.880810712743118,3
7.018819814077382,-0.48204594633325293,1
-8.79916455485689,7.825848478565359,3
-6.958844462028051,-6.039626116817126,2
0.9674680900215082,2.9891523377658196,1
-11.2105007217512,7.326560871436148,3
7.979687844930914,2.762512743586694,1
5.685549812299101,0.825769676063574,1
-3.884694496707389,-8.174970531430091,2
-2.4534804554009653,8.917785779758308,0
-4.346641221213726,5.614908650339155,0
-8.523642714066286,5.9152004212728535,3
-8.566131270886176,-7.50777521450953,2
-7.742164519561008,6.861646187436647,3
-5.545728269267542,9.615861274103152,0
-6.067255341554843,5.751044988336568,0
5.325329528983509,2.8866761222483,1
-9.243339328832242,8.454957210675019,3
-4.47980148532512,-11.72904141858571,2
-2.1208874256605887,12.888866090329879,0
-5.337903642174525,-6.341364247457153,2
-8.189786399273057,-7.078507437153414,2
-6.962171906303179,-1.563354803266714,2
7.995280464380983,0.8659932005247428,1
-8.485611749013039,-7.151709440188429,2
-4.955268835020544,3.3876417408054325,0
0.2358431384453037,2.563422643439715,0
4.269303518472685,1.7135282844738797,1
-10.71402940218474,8.8757499002837,3
-9.601198292393187,6.736642915764948,3
4.585269757208238,0.10663376579433992,1
-7.669041222016966,3.833971039943857,0
-4.391202665356024,-7.461588009594357,2
-7.1753915880040555,-6.823560724441403,2
4.560768528514791,3.3361710786859806,1
-8.75006697105096,8.489807519175416,3
2.7612080485905928,1.684994572497501,1
-8.056087298685664,8.12208466903877,3
7.011287145554095,3.4110763052708655,1
-7.552733440392931,12.685733916417426,0
4.4604074476536475,4.853404114839678,1
-8.610479042401828,8.061832526849914,3
-8.426332177099313,8.830566105511487,3
-0.5932783200671827,10.348934549346115,0
-7.826409732752558,7.022853407616757,3
-2.205979390277845,6.305639282149874,0
-9.308437750916209,-5.607926459883678,2
4.221832321656051,0.27212877552213177,1
6.003661815480724,5.666584335412799,1
-5.827736893330592,-5.412548202832956,2
-8.571409766009324,7.740389231239529,3
3.6954102790373415,9.476984665369756,0
-4.868185339427632,-10.095681292396414,2
-2.1610093501000653,7.818256726334852,0
-13.113076856624797,13.380313535888169,0
-3.141229217368708,7.306761848408641,0
5.722804292637678,3.491480004546026,1
-9.880621164967994,-8.913344504850501,2
5.107450659809597,-1.1386216084665226,1
-6.979317163084652,-7.504460165093565,2
2.295658065603029,7.381984636112116,0
-3.954034301803981,-5.376827083456411,2
-8.074970965236009,6.214251932207045,3
3.524895266212434,-0.7664362752174236,1
5.627939208793579,2.494517215588546,1
5.727079145416966,1.23194101976852,1
-7.818801282720733,-6.882235377005884,2
4.339767662163048,2.2243225908838165,1
-8.81830912068268,-1.5541769154474103,2
-8.39551079344249,6.850091557097881,3
-0.35893259351904483,6.5550548291222155,1
-0.16176924785166902,17.776108631438234,0
-5.564199974722088,-6.821259620193977,2
-6.277919599458442,-3.434197544989801,2
8.1118064425586,2.368991250866028,1
7.592959535679893,4.733352392235635,1
-8.924245579016176,5.724901215378896,3
4.999667138535059,4.757174256629931,1
-8.8040879182842,-5.416492738662725,2
-8.843364173582152,7.925390405531965,3
-0.012718354844129642,11.527668165255442,0
-6.951501004916065,16.02336790189281,0
-9.830390691488791,7.936746474897356,3
-8.221370791724826,8.987270865465474,3
2.0792700388863126,3.7180843405010213,1
6.103532206993475,5.9448958766461235,0
5.218216124043738,6.8837699637625205,1
0.1082650023634808,8.7919474445565,0
6.38001429760561,2.964533459885941,1
-8.418323872866537,8.692428519942146,3
-6.500488452512035,-1.0633225961010924,2
-6.84142554653269,7.180382226138657,3
-8.803913561171985,6.0197906423285135,3
6.773228215406409,4.3117608648320775,1
-6.943729074196579,-9.121744630719416,2
-7.079586066260752,6.86835088166296,3
-9.430378855102933,8.092595619858658,3
-10.555354558725663,6.5491764057971515,3
-7.851505446206215,6.760413356752112,3
-8.523507734524893,6.419873778340894,3
-2.118493228857423,5.922246992776456,0
-0.36679903865782926,-7.407767030572956,2
-13.968424497776786,-9.90930170740576,2
-9.487891554639539,7.482661700424162,3
-8.324776059138433,8.194889109978279,3
-10.078183507314824,6.815226311744855,3
5.056644452123207,-2.1103000529078493,1
-6.806968821132996,-2.6434479270296585,2
3.748873793426558,4.879938638176133,1
2.05051588478629,4.294823258697771,1
-9.292089604542914,7.250152509707222,3
8.752293096108746,-0.23324704750263425,1
-8.108070857593578,6.290085955621347,3
5.917339280286471,-0.3128401415202351,1
-13.296744194819038,8.797106662127073,0
-8.804071976820127,-5.584341959254125,2
2.9691847297085867,6.263467939487509,1
-7.2733980924281845,-6.649553944399642,2
-2.0716184446331787,11.91735262379309,0
-1.5413485367886137,1.36116514956713,0
-3.4704992156852903,7.515002897999931,0
-8.38088598092888,10.857136851291397,3
-7.513017907634353,-9.8416481747295,2
-15.474266983329041,4.916735562861162,0
-12.47924704523312,-3.8575685237651802,2
-10.439056582241875,7.611209558825783,3
-6.013546303311699,-6.0991440769622844,2
3.583298686025879,11.169926302936956,0
-8.997424503440214,5.929766446521331,3
-1.6737432430337287,1.1756056326792192,0
-4.866656650829596,12.41269451628242,0
0.7834847127949081,9.307557996951937,0
-7.790130451135319,16.340121191615737,0
-3.5194702286253916,4.0231534003389235,0
-8.212343774826811,8.087714815167534,3
-10.0256502317749,7.140840341842612,3
-8.621138015210908,6.287610240241147,3
-8.7616392519655,4.631500541688052,3
-8.33018242333177,6.405825010675799,3
-9.580390502010916,6.775792164582973,3
-9.097030524096331,7.582118929461411,3
-8.978636116779011,6.830064348657162,3
5.925324355963189,4.631474744205595,1
4.632673758046964,-0.3435596944443535,1
-9.269281467043575,6.5470247278598945,3
6.685019700247382,6.852674496619278,1
-6.435232227244554,10.862700025251405,0
-9.96918396148734,8.055407583571883,3
4.289959322837284,0.4616793649550426,1
6.476512048232728,-1.167831523305622,1
-8.759778864921167,-4.29292917612767,2
-1.3500981954670985,17.315889322780077,0
4.906960645792666,1.6682300111796442,1
-10.310805813113255,-6.554430475946377,2
-9.316420621782848,7.759011901567939,3
4.995280838094609,-0.6975190334794705,1
-3.983434737377758,-3.171717427857293,2
-5.825177666741039,6.773561967410443,0
5.807735206880029,1.2545855023666128,1
-6.479613974709032,6.322752592301956,3
-9.25629159271446,7.73937771942541,3
5.829387519558673,3.6800008015013477,1
-1.4780936466187091,-3.1632705344576344,2
-8.60392971963581,6.838565244925238,3
-10.152526481796865,-8.112552457139701,2
4.7038871343596345,0.4663339432483651,1
4.793522618348612,-0.5928147644364072,1
-1.042804638665357,5.254766982888901,0
-2.988643551467942,-6.948713780172593,2
4.589824918737814,3.608702282341306,1
-2.6525017794925563,15.272860751454346,0
1.5888284943786237,0.5893535441782431,1
-4.077630235581381,3.1602263356698472,0
-6.756869664964107,-9.886671960620365,2
-7.201533623163956,-5.5369588158451135,2
1.0534028498998342,-11.389020578461405,2
-11.114931826560884,7.056576202335885,3
-8.074739962651254,5.301322514912558,3
-6.452101808394925,11.030472190269698,0
-7.265239725468062,-12.525656729768864,2
-9.832704270392279,7.5220101998111835,3
-9.877533888036002,-8.394434356960598,2
-5.668436920141442,-6.952696412448695,2
-8.378614876961175,8.251045442560354,3
0.8084247016812065,0.16974489216678101,0
-6.250648945327393,-8.35501815017209,2
-1.1841438974384944,12.916466636687758,0
1.3912813106182544,8.426056602189767,0
-6.75841247795717,10.908655850739049,0
-3.762291828890464,-7.107402452882326,2
3.881623354253127,1.5660089637360084,1
3.522035141684925,2.7275934340697736,1
5.349702908612807,9.155340336085237,0
2.208562859832398,7.137583519779502,0
-6.817246068125046,-9.06411841696335,2
-7.8915749006853835,6.425268350915731,3
-9.848618082255983,6.497770376585866,3
-6.310508688320083,-8.866056126665773,2
-5.014911521583118,-7.988940601406848,2
3.77088638136347,1.3548254370034534,1
-2.7022312909582835,-7.630249137072805,2
-8.065721751645011,7.112364402537031,3
-8.4214420937468,6.093098889684482,3
4.978600484300257,-0.8542593098692284,1
-5.022164408135676,-0.70762318414085,2
-4.230297859709793,-7.113621184314352,2
5.439254739733385,0.6704558963570739,1
-3.4030487643561536,11.87028810456669,0
4.294624236346462,3.740489558914077,1
-7.471642452073248,-7.333929444236482,2
-7.7305406947967485,8.840035766336362,3
5.519907736334766,0.9690612352355097,1
-1.427370319933395,8.813333690401773,0
-0.8088085334623525,-6.859710059595954,2
-7.821941818646472,9.801731071674816,0
-3.1163380031950836,11.367554954136628,0
-4.91175238272797,7.847511129025214,0
-5.922103659893729,-2.8587582552065127,2
-12.560471192012628,-6.240228471157131,2
-9.184847387177587,7.6682130017655386,3
7.296267119926217,3.085629702742052,1
-9.692352625378364,8.896149793622705,3
2.674904049151482,1.5239033839466827,1
-2.4355241062945434,15.720035377299453,0
-9.899254886990192,-3.4604739098888104,2
2.433145623880354,-2.3326115019642337,1
-9.256886954151154,-7.803994182193067,2
-9.411904728961925,7.736070948695039,3
0.5187568435286574,5.32562483148782,0
-1.389323117773469,4.5123299390048155,0
-8.93498290408304,9.828140671667214,0
5.211609617677912,2.642083263914782,1
7.646675439762403,3.7278942650920746,1
-1.6820821926959946,-0.18620915469804977,2
-1.4703076161668227,5.397019627780687,0
2.509651510077356,1.3627202752313967,1
-7.124604826020304,8.78688593932456,3
-4.458259401239339,-9.800748192389353,2
4.89608766604968,0.6110663689909703,1
-5.095489160022856,4.688094113740742,0
-5.998953394651382,-10.949855007146162,2
-8.451892384955048,-6.423044977174781,2
-2.2682767832886443,18.867254578139466,0
-7.044309193000129,-6.023447368702976,2
-1.2597338624986332,-3.639965396132001,2
-4.408978867696575,6.400969197903474,0
-4.265735298779537,-10.918048634016191,2
-9.186818747538236,11.187726897718061,0
-7.360025577851191,-4.86608936392455,2
7.274666967496753,2.368368893325531,1
-8.879288777407128,6.941710215440464,3
7.5822194912153185,1.5545223296369999,1
-9.383602495319014,8.870963031085271,3
-8.606350470507534,6.205938397565241,3
1.8230073496483579,13.229494336337932,0
-8.170680591254406,7.331704837136885,0
-10.60976796968318,9.760103387276033,0
-7.209952041876211,7.127281609645567,3
6.056096189605283,3.8865743175299,1
-6.306793178380522,19.543814387547883,0
3.2928975877403643,2.531158008388336,1
-6.956350127727253,-12.187337307943302,2
5.965641373562927,4.320117398911382,1
-9.488616434975352,-3.5038052400316384,2
2.6366388164382704,1.410969098168822,1
-9.872694548379332,3.8959782612555154,0
-7.919082790749552,9.203121411081636,3
-8.460242715229354,7.869688449392807,3
-10.460537686420711,-4.122647072445942,2
-10.661695763764165,4.981940884528705,0
0.7409056665240419,14.439246242481612,0
-9.644139446762733,6.956232160254505,3
-8.747575276354626,-6.2962872275642185,2
-11.682339126580818,-9.365600667616684,2
-11.674000246802514,-5.493591595030118,2
-9.33033983276455,7.079033316205255,3
-8.586677486868805,7.077349836733316,0
-0.5804618236517243,-7.621186695513937,2
6.360825812947592,0.8070148068028551,1
-8.27347908304645,-6.276630625657429,2
-9.045147424153685,6.557257124664421,3
-4.878773320008227,5.558323049479057,0
-5.430664149921297,9.880120486526222,0
-4.630228096542513,5.842794799148945,0
-8.876868799816428,7.375743376826259,3
4.884473842292669,3.059765742013508,1
4.953900421526276,10.909617811845472,0
-8.536775530460304,7.608063276963204,3
-9.210025796565102,6.489494437536123,3
-6.4569684504176585,-12.185427689964502,2
-12.198724595771914,-3.0943450911339716,2
-14.152347971970094,-4.227973404192797,2
-7.559079487700766,-9.758427303446386,2
-2.5928039989093428,9.48359566143345,0
-9.231415570150405,5.877603524833892,3
-7.308366119517268,8.2879117525101,3
5.138646203649612,5.128076243467681,1
6.146562078437166,2.7354864537062875,1
7.740879821856256,-0.023538397536849942,1
-5.316259906013255,-4.944462835425775,2
-4.12194038742566,-8.884541849892928,2
-10.55935723451381,7.261752274021782,3
-10.09785626837069,-6.162369000942498,2
-2.0279894662453986,-6.567041780706308,2
-8.221592878127524,-3.037060508070608,2
-8.226133261730606,8.396779676728881,3
-2.033500122742945,-7.847071000909966,2
7.052896769244815,0.33929834196625985,1
5.62651463798988,2.34284193133048,1
0.6524075510851906,2.7212828236358764,1
-6.083540142952385,-8.628385566110692,2
-9.046107493096303,8.631457512487634,3
-9.360375673869049,7.538986965980542,3
3.7470116071270447,2.361349669737347,1
2.264681998169076,2.5928111043947872,1
-10.77633638452013,8.310960356077029,3
-1.1552119930750937,7.353134472595117,0
-9.381910320008316,7.116929125674391,3
-8.525801914374155,-6.6015748898526025,2
-8.100736129931612,-4.821154222405845,2
-4.326933304647353,-7.2922249584741365,2
3.341323746096087,-0.47471084958378107,1
4.145524071186908,0.6092011879451349,1
-8.735714317148364,11.438325933580881,0
4.0243223663220995,2.41147033926861,1
7.701380500915496,4.410693387335366,1
-1.2655673606607318,14.91571099599653,0
-8.014476508631866,6.828936668362722,3
7.828888962678046,0.2792469873040764,1
3.3935977833785724,0.8622154456202227,1
7.033141809519403,0.7536038753019676,1
-8.573526040523866,7.1125558952140135,3
-6.510012770797813,-5.225653465154544,2
4.7531786860223155,3.0325551926541934,1
-8.344332304850383,7.094062701300375,3
-7.4283165144657906,-2.7554803358313924,2
-13.286649833087356,2.5331360077040337,2
-8.752517977138833,7.086419521024679,3
-9.183901901393126,7.548703101125228,3
-4.901890185854055,-4.067399180396271,2
-0.22563558028008224,13.556548688920717,0
-1.762130565144437,5.992754398785031,0
-7.291972735034346,-4.02148595166713,2
6.157736015801632,2.5355525318794836,1
-3.576748286155557,-1.0050672306141646,2
-6.779679340583128,8.444768188113148,0
-5.78208035598664,17.383835230940164,0
-8.301534989042047,3.3844310306921006,0
-9.362397853097429,-6.621677944136822,2
-1.71295884075887,6.613418619563143,0
-3.2165261045752116,-5.133816482870099,2
-9.874783508716146,-5.9747338938175485,2
-7.575294783523338,7.951635860783828,3
-7.2637022428511315,8.566831586320141,3
9.806325610768202,13.492585773936629,0
-8.20427187079376,8.03367393413667,3
-5.340309796623022,-7.658749626027698,2
-7.737552996250217,7.090553955165855,3
-9.320129334950611,7.646131171887362,3
-8.859524692422825,7.166604083386151,3
2.2481127121577327,2.8623750203810134,1
6.250014109817939,5.781092986777716,0
-6.539815959537977,-11.194943528228047,2
3.5294797828417046,5.735483822821912,1
-7.617814655541116,-9.409849379224521,2
6.516446448180097,0.9410802275059842,1
-8.357272673003514,8.122412798785156,3
-6.374244262342427,-2.927316986452068,2
-8.036982909468202,7.841207429994613,3
-9.70571079022556,6.462087092093165,3
-8.327857757697368,-9.740095418052084,2
-2.6597364327521436,13.427493656264406,0
-7.420802236438494,-2.7615641692463564,2
-6.8169677262633845,-6.188006876119896,2
-1.7258166026620239,5.100795017738193,0
-8.707928706848808,7.345035654455163,3
-1.0811356791925608,6.242647747155704,0
4.569901855234178,5.514770955211752,1
-8.415986925808337,5.941508004612308,3
-5.31740999856216,7.7036375418072485,0
5.9569673815737625,5.993578761473431,1
4.552619338071637,10.634212972042144,0
-9.384506416707469,7.7354408429469,3
-7.92801102476849,8.530851239476496,3
2.394434793103504,2.737989176308833,1
-9.187054240513165,-9.69981889660254,2
-4.790464848781124,-4.014193967564415,2
7.923909156500839,3.9928038626260003,1
-2.9717907526057123,7.809871345841167,0
-9.33176967206858,8.073523436100979,3
-8.16753386470305,-8.957372532897514,2
9.446710006704652,1.8579320898735612,1
5.904694314339143,3.9182785831941915,1
-8.328810346201589,-6.439730557319298,2
-4.916024071970337,16.423398866234074,0
4.588770694245211,4.318627722459461,1
-10.265712737650173,5.631590968873563,3
-5.480337243850691,-6.987034040168397,2
-7.982023407283732,6.993666597167456,3
1.0892018786802526,10.243484211704759,0
-9.030094152959684,-12.479719444495126,2
2.4473286624376978,-0.9069320812478567,1
2.5502604481860343,-1.9595434948112715,1
5.759459732090181,4.134731135049975,1
-3.5072890311932294,-4.037530206907373,2
-5.708232641364601,-7.189774852073436,2
-5.866067715943304,7.777436624793463,0
-9.186745341446574,7.282652819359689,3
4.80444681477895,4.104130434071434,1
4.293735187660362,2.004327779103667,1
-7.464352032209313,-3.4787993026747532,2
-6.560522104390445,10.271275458579417,0
-7.8391697609158015,-6.424835616529726,2
3.4868580347746625,-3.2089149003490878,1
-5.702379289614969,-8.407000470398444,2
-9.033643102017944,7.045888405888466,3
4.570509061454539,2.4415991490137734,1
-0.38998091139161906,14.780560610829923,0
4.660584075914863,-0.6505027807595871,1
-8.261895940955268,7.152070120100673,3
-0.4214313605851596,10.202224821131066,0
-8.412058887505701,6.489779898515319,3
-1.4850786857972476,12.945050063980377,0
-2.558184714440409,5.425268642254995,0
-9.513574951420953,-9.360750655395528,2
7.734889238888225,5.564925030131775,1
2.6606225630874265,3.854712059917164,1
8.235251889927147,3.2548554064747517,1
-4.97546278546596,-3.551010067407277,2
-5.811186410222796,7.728742761586348,0
3.420854431909535,1.5992270779698399,1
1.8346682926287143,5.472323170314611,1
6.937410236972308,-1.5062578736154673,1
3.99451915854383,1.4715036510306372,1
3.353397452633466,8.111180926252178,0
-8.223331663106048,7.135140477877278,3
4.72750178018632,1.6791656806837547,1
4.60925913788211,3.131752683142909,1
-1.1347244647789045,1.9621255067473857,0
-7.8726475136466,9.451008160656128,3
-9.79134458498695,8.657019977715041,3
6.703567915165371,-0.9979510621332119,1
-10.203784083640521,7.999044166268292,3
8.666653331281347,2.246240346106207,1
-8.635550626799162,6.990948679548681,3
-1.2258682733474426,-2.2503790084593795,2
